{"cameraMode":{"drawMode":0,"name":"Shaded","section":"Shading Mode"},"sceneLighting":true,"audioPlay":false,"sceneViewState":{"m_AlwaysRefresh":false,"showFog":true,"showSkybox":true,"showFlares":true,"showImageEffects":true,"showParticleSystems":true,"showVisualEffectGraphs":true,"m_FxEnabled":true},"in2DMode":false,"pivot":{"x":-10.3562650680542,"y":-1.6943663358688355,"z":14.581925392150879},"rotation":{"x":-0.04197477176785469,"y":0.024883296340703965,"z":-0.0010462048230692745,"w":-0.9988098740577698},"size":35.840362548828128,"orthographic":false}