{"cameraMode":{"drawMode":0,"name":"Shaded","section":"Shading Mode"},"sceneLighting":true,"audioPlay":false,"sceneViewState":{"m_AlwaysRefresh":false,"showFog":true,"showSkybox":true,"showFlares":true,"showImageEffects":true,"showParticleSystems":true,"showVisualEffectGraphs":true,"m_FxEnabled":true},"in2DMode":false,"pivot":{"x":289.4433288574219,"y":278.74560546875,"z":432.8675537109375},"rotation":{"x":-0.01499927043914795,"y":0.005999411456286907,"z":0.00009007980406749994,"w":0.9998708963394165},"size":462.4544677734375,"orthographic":false}