{"cameraMode":{"drawMode":0,"name":"Shaded","section":"Shading Mode"},"sceneLighting":true,"audioPlay":false,"sceneViewState":{"m_AlwaysRefresh":false,"showFog":true,"showSkybox":true,"showFlares":true,"showImageEffects":true,"showParticleSystems":true,"showVisualEffectGraphs":true,"m_FxEnabled":true},"in2DMode":false,"pivot":{"x":-0.01233846414834261,"y":1.382778525352478,"z":-1.2330560684204102},"rotation":{"x":0.2955176532268524,"y":-0.004298980813473463,"z":0.0013298599515110255,"w":0.9553280472755432},"size":0.116960309445858,"orthographic":false}