{"cameraMode":{"drawMode":0,"name":"Shaded","section":"Shading Mode"},"sceneLighting":true,"audioPlay":false,"sceneViewState":{"m_AlwaysRefresh":false,"showFog":true,"showSkybox":true,"showFlares":true,"showImageEffects":true,"showParticleSystems":true,"showVisualEffectGraphs":true,"m_FxEnabled":true},"in2DMode":false,"pivot":{"x":1149.6689453125,"y":-38.76799011230469,"z":-26.921615600585939},"rotation":{"x":0.0014999671839177609,"y":0.001499996054917574,"z":-0.0000022572942270926434,"w":0.9999979138374329},"size":747.2759399414063,"orthographic":true}