{"cameraMode":{"drawMode":0,"name":"Shaded","section":"Shading Mode"},"sceneLighting":true,"audioPlay":false,"sceneViewState":{"m_AlwaysRefresh":false,"showFog":true,"showSkybox":true,"showFlares":true,"showImageEffects":true,"showParticleSystems":true,"showVisualEffectGraphs":true,"m_FxEnabled":true},"in2DMode":false,"pivot":{"x":375.4360046386719,"y":190.49636840820313,"z":313.62274169921877},"rotation":{"x":-0.11968864500522614,"y":-0.019946621730923654,"z":0.002405333798378706,"w":-0.9926145076751709},"size":0.8660253882408142,"orthographic":false}