{"cameraMode":{"drawMode":0,"name":"Shaded","section":"Shading Mode"},"sceneLighting":true,"audioPlay":false,"sceneViewState":{"m_AlwaysRefresh":false,"showFog":true,"showSkybox":true,"showFlares":true,"showImageEffects":true,"showParticleSystems":true,"showVisualEffectGraphs":true,"m_FxEnabled":true},"in2DMode":false,"pivot":{"x":973.0706787109375,"y":561.1279296875,"z":-17.835311889648439},"rotation":{"x":0.0014999671839177609,"y":0.001499996054917574,"z":-0.0000022572942270926434,"w":0.9999979138374329},"size":688.47705078125,"orthographic":true}