{"cameraMode":{"drawMode":0,"name":"Shaded","section":"Shading Mode"},"sceneLighting":true,"audioPlay":false,"sceneViewState":{"m_AlwaysRefresh":false,"showFog":true,"showSkybox":true,"showFlares":true,"showImageEffects":true,"showParticleSystems":true,"showVisualEffectGraphs":true,"m_FxEnabled":true},"in2DMode":false,"pivot":{"x":-2.1529109477996828,"y":-2.523538112640381,"z":0.1435919553041458},"rotation":{"x":0.36866483092308047,"y":0.043201323598623279,"z":-0.017154911532998086,"w":0.9284027218818665},"size":0.799373984336853,"orthographic":false}