{"cameraMode":{"drawMode":0,"name":"Shaded","section":"Shading Mode"},"sceneLighting":true,"audioPlay":false,"sceneViewState":{"m_AlwaysRefresh":false,"showFog":true,"showSkybox":true,"showFlares":true,"showImageEffects":true,"showParticleSystems":true,"showVisualEffectGraphs":true,"m_FxEnabled":true},"in2DMode":false,"pivot":{"x":-0.0015599839389324189,"y":0.06116924434900284,"z":-0.010606911033391953},"rotation":{"x":0.044312044978141788,"y":-0.917675256729126,"z":0.10703332722187042,"w":0.3801288306713104},"size":0.14049942791461945,"orthographic":false}