{"cameraMode":{"drawMode":0,"name":"Shaded","section":"Shading Mode"},"sceneLighting":false,"audioPlay":false,"sceneViewState":{"m_AlwaysRefresh":false,"showFog":true,"showSkybox":false,"showFlares":true,"showImageEffects":true,"showParticleSystems":true,"showVisualEffectGraphs":true,"m_FxEnabled":true},"in2DMode":false,"pivot":{"x":0.00027427077293395996,"y":0.005443841218948364,"z":-0.0008648931980133057},"rotation":{"x":-0.08807730674743653,"y":0.014052176848053933,"z":-0.0012428431073203683,"w":-0.9960150122642517},"size":0.6489119529724121,"orthographic":true}