{"cameraMode":{"drawMode":0,"name":"Shaded","section":"Shading Mode"},"sceneLighting":false,"audioPlay":false,"sceneViewState":{"m_AlwaysRefresh":false,"showFog":true,"showSkybox":false,"showFlares":true,"showImageEffects":true,"showParticleSystems":true,"showVisualEffectGraphs":true,"m_FxEnabled":true},"in2DMode":false,"pivot":{"x":-0.000004202127456665039,"y":0.0008886754512786865,"z":-0.0018025338649749756},"rotation":{"x":-0.08807730674743653,"y":0.014052176848053933,"z":-0.0012428431073203683,"w":-0.9960150122642517},"size":0.8660253882408142,"orthographic":true}